[
  {
    "model": "academics.student",
    "pk": "5aa34371-f5e9-4038-98eb-e5e4e5919c7b",
    "fields": {
      "name": "Alice Johnson",
      "created_at": "2025-01-10T10:00:00Z",
      "updated_at": "2025-01-10T10:00:00Z"
    }
  },
  {
    "model": "academics.student",
    "pk": "20442659-57bd-47a3-b1a1-bca964b2d78e",
    "fields": {
      "name": "Bruno Silva",
      "created_at": "2025-01-10T10:05:00Z",
      "updated_at": "2025-01-10T10:05:00Z"
    }
  },
  {
    "model": "academics.student",
    "pk": "9c8db97f-c307-4a0c-a4e0-bc5d5f4e8b8c",
    "fields": {
      "name": "Carla Mendes",
      "created_at": "2025-01-10T10:10:00Z",
      "updated_at": "2025-01-10T10:10:00Z"
    }
  },
  {
    "model": "academics.student",
    "pk": "33fa9da8-2bbd-4d8a-8a1e-df600c91e069",
    "fields": {
      "name": "Daniel Rocha",
      "created_at": "2025-01-10T10:15:00Z",
      "updated_at": "2025-01-10T10:15:00Z"
    }
  },
  {
    "model": "academics.student",
    "pk": "13727e90-2546-4901-9d67-6c29a934d7da",
    "fields": {
      "name": "Elena Costa",
      "created_at": "2025-01-10T10:20:00Z",
      "updated_at": "2025-01-10T10:20:00Z"
    }
  },
  {
    "model": "academics.course",
    "pk": "dac1e45a-3406-43f0-a4b9-db1427bde765",
    "fields": {
      "name": "Mathematics",
      "created_at": "2025-01-01T09:00:00Z",
      "updated_at": "2025-01-01T09:00:00Z"
    }
  },
  {
    "model": "academics.course",
    "pk": "d4d3f7d1-21f4-4e71-8af5-c8bb41db4381",
    "fields": {
      "name": "Physics",
      "created_at": "2025-01-01T09:10:00Z",
      "updated_at": "2025-01-01T09:10:00Z"
    }
  },
  {
    "model": "academics.course",
    "pk": "283e906a-84aa-4c4d-9582-73d9c1cf71ca",
    "fields": {
      "name": "History",
      "created_at": "2025-01-01T09:20:00Z",
      "updated_at": "2025-01-01T09:20:00Z"
    }
  },
  {
    "model": "academics.enrollment",
    "pk": "3bcc892a-5c64-4bfd-a12c-98cbba93cac3",
    "fields": {
      "student": "5aa34371-f5e9-4038-98eb-e5e4e5919c7b",
      "course": "dac1e45a-3406-43f0-a4b9-db1427bde765",
      "created_at": "2025-01-15T09:00:00Z",
      "updated_at": "2025-01-15T09:00:00Z"
    }
  },
  {
    "model": "academics.enrollment",
    "pk": "eb57fb28-8728-41e4-9082-7c58d8242605",
    "fields": {
      "student": "5aa34371-f5e9-4038-98eb-e5e4e5919c7b",
      "course": "d4d3f7d1-21f4-4e71-8af5-c8bb41db4381",
      "created_at": "2025-01-15T09:02:00Z",
      "updated_at": "2025-01-15T09:02:00Z"
    }
  },
  {
    "model": "academics.enrollment",
    "pk": "9af82e4b-863b-46fc-b03d-875735b28447",
    "fields": {
      "student": "5aa34371-f5e9-4038-98eb-e5e4e5919c7b",
      "course": "283e906a-84aa-4c4d-9582-73d9c1cf71ca",
      "created_at": "2025-01-15T09:04:00Z",
      "updated_at": "2025-01-15T09:04:00Z"
    }
  },
  {
    "model": "academics.enrollment",
    "pk": "c3833698-348c-4327-96be-3c0e645d77f5",
    "fields": {
      "student": "20442659-57bd-47a3-b1a1-bca964b2d78e",
      "course": "dac1e45a-3406-43f0-a4b9-db1427bde765",
      "created_at": "2025-01-15T09:06:00Z",
      "updated_at": "2025-01-15T09:06:00Z"
    }
  },
  {
    "model": "academics.enrollment",
    "pk": "2aeb50ec-f267-4072-bc0e-3878d849d63d",
    "fields": {
      "student": "20442659-57bd-47a3-b1a1-bca964b2d78e",
      "course": "d4d3f7d1-21f4-4e71-8af5-c8bb41db4381",
      "created_at": "2025-01-15T09:08:00Z",
      "updated_at": "2025-01-15T09:08:00Z"
    }
  },
  {
    "model": "academics.enrollment",
    "pk": "81de0f89-deac-4c4f-af36-07bed9c5edff",
    "fields": {
      "student": "20442659-57bd-47a3-b1a1-bca964b2d78e",
      "course": "283e906a-84aa-4c4d-9582-73d9c1cf71ca",
      "created_at": "2025-01-15T09:10:00Z",
      "updated_at": "2025-01-15T09:10:00Z"
    }
  },
  {
    "model": "academics.enrollment",
    "pk": "48feb2ee-4ffd-4748-9f57-c60d210c362e",
    "fields": {
      "student": "9c8db97f-c307-4a0c-a4e0-bc5d5f4e8b8c",
      "course": "dac1e45a-3406-43f0-a4b9-db1427bde765",
      "created_at": "2025-01-15T09:12:00Z",
      "updated_at": "2025-01-15T09:12:00Z"
    }
  },
  {
    "model": "academics.enrollment",
    "pk": "892bceab-d2ae-48be-b3dc-1edd603a4d58",
    "fields": {
      "student": "9c8db97f-c307-4a0c-a4e0-bc5d5f4e8b8c",
      "course": "d4d3f7d1-21f4-4e71-8af5-c8bb41db4381",
      "created_at": "2025-01-15T09:14:00Z",
      "updated_at": "2025-01-15T09:14:00Z"
    }
  },
  {
    "model": "academics.enrollment",
    "pk": "66faa181-530d-4365-9e67-bba21a18b6ec",
    "fields": {
      "student": "9c8db97f-c307-4a0c-a4e0-bc5d5f4e8b8c",
      "course": "283e906a-84aa-4c4d-9582-73d9c1cf71ca",
      "created_at": "2025-01-15T09:16:00Z",
      "updated_at": "2025-01-15T09:16:00Z"
    }
  },
  {
    "model": "academics.enrollment",
    "pk": "5ec91892-192f-452a-9e11-1a4dadd5adda",
    "fields": {
      "student": "33fa9da8-2bbd-4d8a-8a1e-df600c91e069",
      "course": "dac1e45a-3406-43f0-a4b9-db1427bde765",
      "created_at": "2025-01-15T09:18:00Z",
      "updated_at": "2025-01-15T09:18:00Z"
    }
  },
  {
    "model": "academics.enrollment",
    "pk": "6653f54c-43e9-4d85-a3a0-ebfb927c94f5",
    "fields": {
      "student": "33fa9da8-2bbd-4d8a-8a1e-df600c91e069",
      "course": "d4d3f7d1-21f4-4e71-8af5-c8bb41db4381",
      "created_at": "2025-01-15T09:20:00Z",
      "updated_at": "2025-01-15T09:20:00Z"
    }
  },
  {
    "model": "academics.enrollment",
    "pk": "e9886adf-445b-4264-9f84-62d93dbb03b2",
    "fields": {
      "student": "33fa9da8-2bbd-4d8a-8a1e-df600c91e069",
      "course": "283e906a-84aa-4c4d-9582-73d9c1cf71ca",
      "created_at": "2025-01-15T09:22:00Z",
      "updated_at": "2025-01-15T09:22:00Z"
    }
  },
  {
    "model": "academics.enrollment",
    "pk": "56b56883-1a8c-4134-ad20-9629cb54a966",
    "fields": {
      "student": "13727e90-2546-4901-9d67-6c29a934d7da",
      "course": "dac1e45a-3406-43f0-a4b9-db1427bde765",
      "created_at": "2025-01-15T09:24:00Z",
      "updated_at": "2025-01-15T09:24:00Z"
    }
  },
  {
    "model": "academics.enrollment",
    "pk": "d80316eb-83cf-418c-8b12-54cbef0e4a25",
    "fields": {
      "student": "13727e90-2546-4901-9d67-6c29a934d7da",
      "course": "d4d3f7d1-21f4-4e71-8af5-c8bb41db4381",
      "created_at": "2025-01-15T09:26:00Z",
      "updated_at": "2025-01-15T09:26:00Z"
    }
  },
  {
    "model": "academics.enrollment",
    "pk": "55d6e55e-be69-4eaf-847a-71cad607d4c0",
    "fields": {
      "student": "13727e90-2546-4901-9d67-6c29a934d7da",
      "course": "283e906a-84aa-4c4d-9582-73d9c1cf71ca",
      "created_at": "2025-01-15T09:28:00Z",
      "updated_at": "2025-01-15T09:28:00Z"
    }
  },
  {
    "model": "academics.grade",
    "pk": "cf07955c-571a-4123-90b8-d7addbbf2af0",
    "fields": {
      "enrollment": "3bcc892a-5c64-4bfd-a12c-98cbba93cac3",
      "numeric_value": 89,
      "created_at": "2025-01-20T10:00:00Z",
      "updated_at": "2025-01-20T10:00:00Z"
    }
  },
  {
    "model": "academics.grade",
    "pk": "e4bc35d7-90e0-486c-a0c9-7c3ecaecb432",
    "fields": {
      "enrollment": "3bcc892a-5c64-4bfd-a12c-98cbba93cac3",
      "numeric_value": 100,
      "created_at": "2025-04-20T10:00:00Z",
      "updated_at": "2025-04-20T10:00:00Z"
    }
  },
  {
    "model": "academics.grade",
    "pk": "9a2f1360-ca85-42de-a11c-5d4f3f529377",
    "fields": {
      "enrollment": "3bcc892a-5c64-4bfd-a12c-98cbba93cac3",
      "numeric_value": 95,
      "created_at": "2025-07-20T10:00:00Z",
      "updated_at": "2025-07-20T10:00:00Z"
    }
  },
  {
    "model": "academics.grade",
    "pk": "e9b32fb2-6895-40c5-91da-cb79474c9e35",
    "fields": {
      "enrollment": "3bcc892a-5c64-4bfd-a12c-98cbba93cac3",
      "numeric_value": 86,
      "created_at": "2025-10-20T10:00:00Z",
      "updated_at": "2025-10-20T10:00:00Z"
    }
  },
  {
    "model": "academics.grade",
    "pk": "7ce81f64-ff9d-48af-8a38-52d575617b08",
    "fields": {
      "enrollment": "eb57fb28-8728-41e4-9082-7c58d8242605",
      "numeric_value": 76,
      "created_at": "2025-02-20T10:00:00Z",
      "updated_at": "2025-02-20T10:00:00Z"
    }
  },
  {
    "model": "academics.grade",
    "pk": "502348a9-d85b-444f-b117-a3d2962c350c",
    "fields": {
      "enrollment": "eb57fb28-8728-41e4-9082-7c58d8242605",
      "numeric_value": 89,
      "created_at": "2025-05-20T10:00:00Z",
      "updated_at": "2025-05-20T10:00:00Z"
    }
  },
  {
    "model": "academics.grade",
    "pk": "287e65d5-0160-4dfe-a8a3-a506beda95e2",
    "fields": {
      "enrollment": "eb57fb28-8728-41e4-9082-7c58d8242605",
      "numeric_value": 92,
      "created_at": "2025-08-20T10:00:00Z",
      "updated_at": "2025-08-20T10:00:00Z"
    }
  },
  {
    "model": "academics.grade",
    "pk": "8c9b9f64-7d19-41e2-8d7a-74fa63e1bcca",
    "fields": {
      "enrollment": "eb57fb28-8728-41e4-9082-7c58d8242605",
      "numeric_value": 95,
      "created_at": "2025-11-20T10:00:00Z",
      "updated_at": "2025-11-20T10:00:00Z"
    }
  },
  {
    "model": "academics.grade",
    "pk": "ffcbd4cd-21aa-4a98-b88d-d66791f65c06",
    "fields": {
      "enrollment": "9af82e4b-863b-46fc-b03d-875735b28447",
      "numeric_value": 89,
      "created_at": "2025-03-20T10:00:00Z",
      "updated_at": "2025-03-20T10:00:00Z"
    }
  },
  {
    "model": "academics.grade",
    "pk": "9f1f7716-8174-4ab4-bd63-dc2f112a714a",
    "fields": {
      "enrollment": "9af82e4b-863b-46fc-b03d-875735b28447",
      "numeric_value": 59,
      "created_at": "2025-06-20T10:00:00Z",
      "updated_at": "2025-06-20T10:00:00Z"
    }
  },
  {
    "model": "academics.grade",
    "pk": "924ca701-3555-40ec-b16d-4200b39ca54b",
    "fields": {
      "enrollment": "9af82e4b-863b-46fc-b03d-875735b28447",
      "numeric_value": 95,
      "created_at": "2025-09-20T10:00:00Z",
      "updated_at": "2025-09-20T10:00:00Z"
    }
  },
  {
    "model": "academics.grade",
    "pk": "531a4ee8-aeb5-4a8e-8be2-1eeec4103333",
    "fields": {
      "enrollment": "9af82e4b-863b-46fc-b03d-875735b28447",
      "numeric_value": 72,
      "created_at": "2025-12-20T10:00:00Z",
      "updated_at": "2025-12-20T10:00:00Z"
    }
  },
  {
    "model": "academics.grade",
    "pk": "9ddefbbb-bf0f-446e-83d7-72918558c18c",
    "fields": {
      "enrollment": "c3833698-348c-4327-96be-3c0e645d77f5",
      "numeric_value": 92,
      "created_at": "2025-01-20T10:00:00Z",
      "updated_at": "2025-01-20T10:00:00Z"
    }
  },
  {
    "model": "academics.grade",
    "pk": "fb9b6067-4573-46fd-af8d-3ad9cd858e1f",
    "fields": {
      "enrollment": "c3833698-348c-4327-96be-3c0e645d77f5",
      "numeric_value": 69,
      "created_at": "2025-04-20T10:00:00Z",
      "updated_at": "2025-04-20T10:00:00Z"
    }
  },
  {
    "model": "academics.grade",
    "pk": "7616bda9-1f45-41cf-b8f8-4a2bc5366a91",
    "fields": {
      "enrollment": "c3833698-348c-4327-96be-3c0e645d77f5",
      "numeric_value": 79,
      "created_at": "2025-07-20T10:00:00Z",
      "updated_at": "2025-07-20T10:00:00Z"
    }
  },
  {
    "model": "academics.grade",
    "pk": "63a95861-93be-4ef4-909a-e0a098e73918",
    "fields": {
      "enrollment": "c3833698-348c-4327-96be-3c0e645d77f5",
      "numeric_value": 100,
      "created_at": "2025-10-20T10:00:00Z",
      "updated_at": "2025-10-20T10:00:00Z"
    }
  },
  {
    "model": "academics.grade",
    "pk": "e16b7450-c1e6-49c3-8116-847ccd7e5b1c",
    "fields": {
      "enrollment": "2aeb50ec-f267-4072-bc0e-3878d849d63d",
      "numeric_value": 100,
      "created_at": "2025-02-20T10:00:00Z",
      "updated_at": "2025-02-20T10:00:00Z"
    }
  },
  {
    "model": "academics.grade",
    "pk": "fbb3eecb-f4a5-4461-aca5-0a4aea4ee46a",
    "fields": {
      "enrollment": "2aeb50ec-f267-4072-bc0e-3878d849d63d",
      "numeric_value": 96,
      "created_at": "2025-05-20T10:00:00Z",
      "updated_at": "2025-05-20T10:00:00Z"
    }
  },
  {
    "model": "academics.grade",
    "pk": "50d6cc28-ff53-47ef-9749-e8bb7efb1054",
    "fields": {
      "enrollment": "2aeb50ec-f267-4072-bc0e-3878d849d63d",
      "numeric_value": 89,
      "created_at": "2025-08-20T10:00:00Z",
      "updated_at": "2025-08-20T10:00:00Z"
    }
  },
  {
    "model": "academics.grade",
    "pk": "72be4426-4118-46cf-af44-359699988c9f",
    "fields": {
      "enrollment": "2aeb50ec-f267-4072-bc0e-3878d849d63d",
      "numeric_value": 81,
      "created_at": "2025-11-20T10:00:00Z",
      "updated_at": "2025-11-20T10:00:00Z"
    }
  },
  {
    "model": "academics.grade",
    "pk": "6c1ad1e9-535a-4271-82ee-9f10d89446a2",
    "fields": {
      "enrollment": "81de0f89-deac-4c4f-af36-07bed9c5edff",
      "numeric_value": 100,
      "created_at": "2025-03-20T10:00:00Z",
      "updated_at": "2025-03-20T10:00:00Z"
    }
  },
  {
    "model": "academics.grade",
    "pk": "1512c02c-715a-4760-8bff-b6dd7a1071fd",
    "fields": {
      "enrollment": "81de0f89-deac-4c4f-af36-07bed9c5edff",
      "numeric_value": 72,
      "created_at": "2025-06-20T10:00:00Z",
      "updated_at": "2025-06-20T10:00:00Z"
    }
  },
  {
    "model": "academics.grade",
    "pk": "24cc232f-da27-4386-b3de-a15d12f6c8da",
    "fields": {
      "enrollment": "81de0f89-deac-4c4f-af36-07bed9c5edff",
      "numeric_value": 89,
      "created_at": "2025-09-20T10:00:00Z",
      "updated_at": "2025-09-20T10:00:00Z"
    }
  },
  {
    "model": "academics.grade",
    "pk": "4ddd1f0f-606a-4f4b-967a-161ec2c6a69b",
    "fields": {
      "enrollment": "81de0f89-deac-4c4f-af36-07bed9c5edff",
      "numeric_value": 95,
      "created_at": "2025-12-20T10:00:00Z",
      "updated_at": "2025-12-20T10:00:00Z"
    }
  },
  {
    "model": "academics.grade",
    "pk": "9887a572-4c0d-4873-b268-2153752dd6ca",
    "fields": {
      "enrollment": "48feb2ee-4ffd-4748-9f57-c60d210c362e",
      "numeric_value": 81,
      "created_at": "2025-01-20T10:00:00Z",
      "updated_at": "2025-01-20T10:00:00Z"
    }
  },
  {
    "model": "academics.grade",
    "pk": "3e3823cb-9e01-4d06-9dd9-edf851d37e9a",
    "fields": {
      "enrollment": "48feb2ee-4ffd-4748-9f57-c60d210c362e",
      "numeric_value": 89,
      "created_at": "2025-04-20T10:00:00Z",
      "updated_at": "2025-04-20T10:00:00Z"
    }
  },
  {
    "model": "academics.grade",
    "pk": "a6dd007a-8589-411b-84e5-2a9432a08e9b",
    "fields": {
      "enrollment": "48feb2ee-4ffd-4748-9f57-c60d210c362e",
      "numeric_value": 76,
      "created_at": "2025-07-20T10:00:00Z",
      "updated_at": "2025-07-20T10:00:00Z"
    }
  },
  {
    "model": "academics.grade",
    "pk": "3ba6c59d-d91a-42a6-9e6b-a5c8323d2d6e",
    "fields": {
      "enrollment": "48feb2ee-4ffd-4748-9f57-c60d210c362e",
      "numeric_value": 69,
      "created_at": "2025-10-20T10:00:00Z",
      "updated_at": "2025-10-20T10:00:00Z"
    }
  },
  {
    "model": "academics.grade",
    "pk": "db6981b9-d093-40de-bc9e-5d94f2c12ae3",
    "fields": {
      "enrollment": "892bceab-d2ae-48be-b3dc-1edd603a4d58",
      "numeric_value": 72,
      "created_at": "2025-02-20T10:00:00Z",
      "updated_at": "2025-02-20T10:00:00Z"
    }
  },
  {
    "model": "academics.grade",
    "pk": "6252de2d-f180-4115-95f5-8bcf6ce76d56",
    "fields": {
      "enrollment": "892bceab-d2ae-48be-b3dc-1edd603a4d58",
      "numeric_value": 88,
      "created_at": "2025-05-20T10:00:00Z",
      "updated_at": "2025-05-20T10:00:00Z"
    }
  },
  {
    "model": "academics.grade",
    "pk": "41729e3e-8156-4920-80ea-f87fa91735fb",
    "fields": {
      "enrollment": "892bceab-d2ae-48be-b3dc-1edd603a4d58",
      "numeric_value": 81,
      "created_at": "2025-08-20T10:00:00Z",
      "updated_at": "2025-08-20T10:00:00Z"
    }
  },
  {
    "model": "academics.grade",
    "pk": "24355028-df8c-4c06-b18b-f78db0277a94",
    "fields": {
      "enrollment": "892bceab-d2ae-48be-b3dc-1edd603a4d58",
      "numeric_value": 100,
      "created_at": "2025-11-20T10:00:00Z",
      "updated_at": "2025-11-20T10:00:00Z"
    }
  },
  {
    "model": "academics.grade",
    "pk": "16871636-1487-4b98-917a-268083286fa4",
    "fields": {
      "enrollment": "66faa181-530d-4365-9e67-bba21a18b6ec",
      "numeric_value": 82,
      "created_at": "2025-03-20T10:00:00Z",
      "updated_at": "2025-03-20T10:00:00Z"
    }
  },
  {
    "model": "academics.grade",
    "pk": "7ba1f65a-ff0d-4a38-b024-9268988d5e7b",
    "fields": {
      "enrollment": "66faa181-530d-4365-9e67-bba21a18b6ec",
      "numeric_value": 95,
      "created_at": "2025-06-20T10:00:00Z",
      "updated_at": "2025-06-20T10:00:00Z"
    }
  },
  {
    "model": "academics.grade",
    "pk": "382b0777-2ae5-498c-a33a-cb9522357bd3",
    "fields": {
      "enrollment": "66faa181-530d-4365-9e67-bba21a18b6ec",
      "numeric_value": 79,
      "created_at": "2025-09-20T10:00:00Z",
      "updated_at": "2025-09-20T10:00:00Z"
    }
  },
  {
    "model": "academics.grade",
    "pk": "16a23482-f200-4a9e-83f1-e6a87327fb78",
    "fields": {
      "enrollment": "66faa181-530d-4365-9e67-bba21a18b6ec",
      "numeric_value": 67,
      "created_at": "2025-12-20T10:00:00Z",
      "updated_at": "2025-12-20T10:00:00Z"
    }
  },
  {
    "model": "academics.grade",
    "pk": "3dc3cbcb-d809-481b-b94f-c5a239d48179",
    "fields": {
      "enrollment": "5ec91892-192f-452a-9e11-1a4dadd5adda",
      "numeric_value": 72,
      "created_at": "2025-01-20T10:00:00Z",
      "updated_at": "2025-01-20T10:00:00Z"
    }
  },
  {
    "model": "academics.grade",
    "pk": "3f128c7f-9e16-4d52-b421-e54223e9e7cf",
    "fields": {
      "enrollment": "5ec91892-192f-452a-9e11-1a4dadd5adda",
      "numeric_value": 92,
      "created_at": "2025-04-20T10:00:00Z",
      "updated_at": "2025-04-20T10:00:00Z"
    }
  },
  {
    "model": "academics.grade",
    "pk": "35eb2489-0ad4-4163-874e-930a18d2d89d",
    "fields": {
      "enrollment": "5ec91892-192f-452a-9e11-1a4dadd5adda",
      "numeric_value": 89,
      "created_at": "2025-07-20T10:00:00Z",
      "updated_at": "2025-07-20T10:00:00Z"
    }
  },
  {
    "model": "academics.grade",
    "pk": "5713fbb9-5ae4-4497-bf94-facba7fa7cbc",
    "fields": {
      "enrollment": "5ec91892-192f-452a-9e11-1a4dadd5adda",
      "numeric_value": 88,
      "created_at": "2025-10-20T10:00:00Z",
      "updated_at": "2025-10-20T10:00:00Z"
    }
  },
  {
    "model": "academics.grade",
    "pk": "36f30a7c-7c4e-4d53-8799-48cd2c7644c5",
    "fields": {
      "enrollment": "6653f54c-43e9-4d85-a3a0-ebfb927c94f5",
      "numeric_value": 59,
      "created_at": "2025-02-20T10:00:00Z",
      "updated_at": "2025-02-20T10:00:00Z"
    }
  },
  {
    "model": "academics.grade",
    "pk": "cf41b929-07a8-4f25-8e62-4ceaaaab77eb",
    "fields": {
      "enrollment": "6653f54c-43e9-4d85-a3a0-ebfb927c94f5",
      "numeric_value": 96,
      "created_at": "2025-05-20T10:00:00Z",
      "updated_at": "2025-05-20T10:00:00Z"
    }
  },
  {
    "model": "academics.grade",
    "pk": "fcd96796-7552-403b-a3cf-b86b34c63a01",
    "fields": {
      "enrollment": "6653f54c-43e9-4d85-a3a0-ebfb927c94f5",
      "numeric_value": 70,
      "created_at": "2025-08-20T10:00:00Z",
      "updated_at": "2025-08-20T10:00:00Z"
    }
  },
  {
    "model": "academics.grade",
    "pk": "81217b9d-5161-4cc9-b579-d29f7067458b",
    "fields": {
      "enrollment": "6653f54c-43e9-4d85-a3a0-ebfb927c94f5",
      "numeric_value": 79,
      "created_at": "2025-11-20T10:00:00Z",
      "updated_at": "2025-11-20T10:00:00Z"
    }
  },
  {
    "model": "academics.grade",
    "pk": "d881e2f1-2d5f-4a28-8509-0b483e5f5ed7",
    "fields": {
      "enrollment": "e9886adf-445b-4264-9f84-62d93dbb03b2",
      "numeric_value": 89,
      "created_at": "2025-03-20T10:00:00Z",
      "updated_at": "2025-03-20T10:00:00Z"
    }
  },
  {
    "model": "academics.grade",
    "pk": "28b72ab6-ce24-4b9d-994e-2cc50f3caca6",
    "fields": {
      "enrollment": "e9886adf-445b-4264-9f84-62d93dbb03b2",
      "numeric_value": 82,
      "created_at": "2025-06-20T10:00:00Z",
      "updated_at": "2025-06-20T10:00:00Z"
    }
  },
  {
    "model": "academics.grade",
    "pk": "dc023fad-1fc1-4faa-a2ff-d2bc25f9fd18",
    "fields": {
      "enrollment": "e9886adf-445b-4264-9f84-62d93dbb03b2",
      "numeric_value": 81,
      "created_at": "2025-09-20T10:00:00Z",
      "updated_at": "2025-09-20T10:00:00Z"
    }
  },
  {
    "model": "academics.grade",
    "pk": "05f38239-9f13-4f3c-85f7-2aa1000b979f",
    "fields": {
      "enrollment": "e9886adf-445b-4264-9f84-62d93dbb03b2",
      "numeric_value": 70,
      "created_at": "2025-12-20T10:00:00Z",
      "updated_at": "2025-12-20T10:00:00Z"
    }
  },
  {
    "model": "academics.grade",
    "pk": "e9a0e748-4009-480b-b403-948a36d0a0b1",
    "fields": {
      "enrollment": "56b56883-1a8c-4134-ad20-9629cb54a966",
      "numeric_value": 72,
      "created_at": "2025-01-20T10:00:00Z",
      "updated_at": "2025-01-20T10:00:00Z"
    }
  },
  {
    "model": "academics.grade",
    "pk": "a341bcb9-2a37-46dd-8062-078d5f39db90",
    "fields": {
      "enrollment": "56b56883-1a8c-4134-ad20-9629cb54a966",
      "numeric_value": 88,
      "created_at": "2025-04-20T10:00:00Z",
      "updated_at": "2025-04-20T10:00:00Z"
    }
  },
  {
    "model": "academics.grade",
    "pk": "8974913c-219c-42ab-b64c-68aac061d9cf",
    "fields": {
      "enrollment": "56b56883-1a8c-4134-ad20-9629cb54a966",
      "numeric_value": 100,
      "created_at": "2025-07-20T10:00:00Z",
      "updated_at": "2025-07-20T10:00:00Z"
    }
  },
  {
    "model": "academics.grade",
    "pk": "4b129894-b453-419e-959b-74dd2d0818cc",
    "fields": {
      "enrollment": "56b56883-1a8c-4134-ad20-9629cb54a966",
      "numeric_value": 95,
      "created_at": "2025-10-20T10:00:00Z",
      "updated_at": "2025-10-20T10:00:00Z"
    }
  },
  {
    "model": "academics.grade",
    "pk": "cce55d78-843d-4cda-809b-b12c83a7b189",
    "fields": {
      "enrollment": "d80316eb-83cf-418c-8b12-54cbef0e4a25",
      "numeric_value": 70,
      "created_at": "2025-02-20T10:00:00Z",
      "updated_at": "2025-02-20T10:00:00Z"
    }
  },
  {
    "model": "academics.grade",
    "pk": "df19a0c9-497d-4247-bc88-c0dc3ae20af3",
    "fields": {
      "enrollment": "d80316eb-83cf-418c-8b12-54cbef0e4a25",
      "numeric_value": 72,
      "created_at": "2025-05-20T10:00:00Z",
      "updated_at": "2025-05-20T10:00:00Z"
    }
  },
  {
    "model": "academics.grade",
    "pk": "dcb2f417-ea38-46fc-ad1b-9f2ba26ba13b",
    "fields": {
      "enrollment": "d80316eb-83cf-418c-8b12-54cbef0e4a25",
      "numeric_value": 96,
      "created_at": "2025-08-20T10:00:00Z",
      "updated_at": "2025-08-20T10:00:00Z"
    }
  },
  {
    "model": "academics.grade",
    "pk": "9ad5c846-2ac7-499a-8351-90c90d9f879c",
    "fields": {
      "enrollment": "d80316eb-83cf-418c-8b12-54cbef0e4a25",
      "numeric_value": 79,
      "created_at": "2025-11-20T10:00:00Z",
      "updated_at": "2025-11-20T10:00:00Z"
    }
  },
  {
    "model": "academics.grade",
    "pk": "27556834-67c4-47cc-b2d0-5e8528a4ff17",
    "fields": {
      "enrollment": "55d6e55e-be69-4eaf-847a-71cad607d4c0",
      "numeric_value": 92,
      "created_at": "2025-03-20T10:00:00Z",
      "updated_at": "2025-03-20T10:00:00Z"
    }
  },
  {
    "model": "academics.grade",
    "pk": "2e262b9b-d489-4cf9-a45c-1377a3816dd9",
    "fields": {
      "enrollment": "55d6e55e-be69-4eaf-847a-71cad607d4c0",
      "numeric_value": 72,
      "created_at": "2025-06-20T10:00:00Z",
      "updated_at": "2025-06-20T10:00:00Z"
    }
  },
  {
    "model": "academics.grade",
    "pk": "8e9e9cad-1532-4d2f-836a-513a68376574",
    "fields": {
      "enrollment": "55d6e55e-be69-4eaf-847a-71cad607d4c0",
      "numeric_value": 86,
      "created_at": "2025-09-20T10:00:00Z",
      "updated_at": "2025-09-20T10:00:00Z"
    }
  },
  {
    "model": "academics.grade",
    "pk": "ac5ea13f-fd9b-408e-bcb3-6b014c1fe2ec",
    "fields": {
      "enrollment": "55d6e55e-be69-4eaf-847a-71cad607d4c0",
      "numeric_value": 59,
      "created_at": "2025-12-20T10:00:00Z",
      "updated_at": "2025-12-20T10:00:00Z"
    }
  }
]